scheme,period,asset,contribution,asset_return,start_weight,end_weight
basket_ex_btc,full,ETH,-0.0167,-0.1674,0.1,0.068
basket_ex_btc,full,LINK,0.0041,0.0408,0.1,0.085
basket_ex_btc,full,BNB,-0.0148,-0.1476,0.1,0.0696
basket_ex_btc,full,ONDO,0.0308,0.3076,0.1,0.1067
basket_ex_btc,full,SYRUP,-0.0282,-0.2824,0.1,0.0586
basket_ex_btc,full,HYPE,0.2308,2.3078,0.1,0.27
basket_ex_btc,full,CC,-0.0222,-0.2225,0.1,0.0635
basket_ex_btc,full,AAVE,0.0138,0.1375,0.1,0.0928
basket_ex_btc,full,XMR,0.0246,0.2458,0.1,0.1017
basket_ex_btc,full,ENA,0.0032,0.0325,0.1,0.0843
basket_ex_btc,backtest,ETH,-0.0167,-0.1674,0.1,0.068
basket_ex_btc,backtest,LINK,0.0041,0.0408,0.1,0.085
basket_ex_btc,backtest,BNB,-0.0148,-0.1476,0.1,0.0696
basket_ex_btc,backtest,ONDO,0.0308,0.3076,0.1,0.1067
basket_ex_btc,backtest,SYRUP,-0.0282,-0.2824,0.1,0.0586
basket_ex_btc,backtest,HYPE,0.2308,2.3078,0.1,0.27
basket_ex_btc,backtest,CC,-0.0222,-0.2225,0.1,0.0635
basket_ex_btc,backtest,AAVE,0.0138,0.1375,0.1,0.0928
basket_ex_btc,backtest,XMR,0.0246,0.2458,0.1,0.1017
basket_ex_btc,backtest,ENA,0.0032,0.0325,0.1,0.0843
basket_with_btc,full,BTC,-0.0061,-0.0672,0.0909,0.0707
basket_with_btc,full,ETH,-0.0152,-0.1674,0.0909,0.0631
basket_with_btc,full,LINK,0.0037,0.0408,0.0909,0.0789
basket_with_btc,full,BNB,-0.0134,-0.1476,0.0909,0.0647
basket_with_btc,full,ONDO,0.028,0.3076,0.0909,0.0992
basket_with_btc,full,SYRUP,-0.0257,-0.2824,0.0909,0.0544
basket_with_btc,full,HYPE,0.2098,2.3078,0.0909,0.2509
basket_with_btc,full,CC,-0.0202,-0.2225,0.0909,0.059
basket_with_btc,full,AAVE,0.0125,0.1375,0.0909,0.0863
basket_with_btc,full,XMR,0.0223,0.2458,0.0909,0.0945
basket_with_btc,full,ENA,0.003,0.0325,0.0909,0.0783
basket_with_btc,backtest,BTC,-0.0061,-0.0672,0.0909,0.0707
basket_with_btc,backtest,ETH,-0.0152,-0.1674,0.0909,0.0631
basket_with_btc,backtest,LINK,0.0037,0.0408,0.0909,0.0789
basket_with_btc,backtest,BNB,-0.0134,-0.1476,0.0909,0.0647
basket_with_btc,backtest,ONDO,0.028,0.3076,0.0909,0.0992
basket_with_btc,backtest,SYRUP,-0.0257,-0.2824,0.0909,0.0544
basket_with_btc,backtest,HYPE,0.2098,2.3078,0.0909,0.2509
basket_with_btc,backtest,CC,-0.0202,-0.2225,0.0909,0.059
basket_with_btc,backtest,AAVE,0.0125,0.1375,0.0909,0.0863
basket_with_btc,backtest,XMR,0.0223,0.2458,0.0909,0.0945
basket_with_btc,backtest,ENA,0.003,0.0325,0.0909,0.0783
bench_btc,full,BTC,-0.0672,-0.0672,1.0,1.0
bench_btc,backtest,BTC,-0.0672,-0.0672,1.0,1.0
bench_eth,full,ETH,-0.1674,-0.1674,1.0,1.0
bench_eth,backtest,ETH,-0.1674,-0.1674,1.0,1.0
lab_ex_btc_monthly,full,ETH,-0.0142,-0.1674,0.1,0.0979
lab_ex_btc_monthly,full,LINK,0.01,0.0408,0.1,0.094
lab_ex_btc_monthly,full,BNB,-0.0113,-0.1476,0.1,0.1017
lab_ex_btc_monthly,full,ONDO,0.0416,0.3076,0.1,0.1
lab_ex_btc_monthly,full,SYRUP,-0.0126,-0.2824,0.1,0.1089
lab_ex_btc_monthly,full,HYPE,0.1334,2.3078,0.1,0.0983
lab_ex_btc_monthly,full,CC,-0.0146,-0.2225,0.1,0.1
lab_ex_btc_monthly,full,AAVE,0.0255,0.1375,0.1,0.1107
lab_ex_btc_monthly,full,XMR,0.0263,0.2458,0.1,0.1054
lab_ex_btc_monthly,full,ENA,0.0487,0.0325,0.1,0.0829
lab_ex_btc_monthly,backtest,ETH,-0.0142,-0.1674,0.1,0.0979
lab_ex_btc_monthly,backtest,LINK,0.01,0.0408,0.1,0.094
lab_ex_btc_monthly,backtest,BNB,-0.0113,-0.1476,0.1,0.1017
lab_ex_btc_monthly,backtest,ONDO,0.0416,0.3076,0.1,0.1
lab_ex_btc_monthly,backtest,SYRUP,-0.0126,-0.2824,0.1,0.1089
lab_ex_btc_monthly,backtest,HYPE,0.1334,2.3078,0.1,0.0983
lab_ex_btc_monthly,backtest,CC,-0.0146,-0.2225,0.1,0.1
lab_ex_btc_monthly,backtest,AAVE,0.0255,0.1375,0.1,0.1107
lab_ex_btc_monthly,backtest,XMR,0.0263,0.2458,0.1,0.1054
lab_ex_btc_monthly,backtest,ENA,0.0487,0.0325,0.1,0.0829
lab_ex_btc_mcap_capped,full,ETH,-0.0084,-0.1674,0.25,0.2464
lab_ex_btc_mcap_capped,full,LINK,-0.004,0.0408,0.1287,0.094
lab_ex_btc_mcap_capped,full,BNB,-0.0273,-0.1476,0.25,0.2559
lab_ex_btc_mcap_capped,full,ONDO,0.0071,0.3076,0.0169,0.0226
lab_ex_btc_mcap_capped,full,SYRUP,-0.0016,-0.2824,0.0052,0.0027
lab_ex_btc_mcap_capped,full,HYPE,0.1765,2.3078,0.0904,0.1852
lab_ex_btc_mcap_capped,full,CC,-0.0159,-0.2225,0.0838,0.0467
lab_ex_btc_mcap_capped,full,AAVE,0.0003,0.1375,0.033,0.0254
lab_ex_btc_mcap_capped,full,XMR,0.0157,0.2458,0.1191,0.1005
lab_ex_btc_mcap_capped,full,ENA,-0.0009,0.0325,0.0229,0.0206
lab_ex_btc_mcap_capped,backtest,ETH,-0.0084,-0.1674,0.25,0.2464
lab_ex_btc_mcap_capped,backtest,LINK,-0.004,0.0408,0.1287,0.094
lab_ex_btc_mcap_capped,backtest,BNB,-0.0273,-0.1476,0.25,0.2559
lab_ex_btc_mcap_capped,backtest,ONDO,0.0071,0.3076,0.0169,0.0226
lab_ex_btc_mcap_capped,backtest,SYRUP,-0.0016,-0.2824,0.0052,0.0027
lab_ex_btc_mcap_capped,backtest,HYPE,0.1765,2.3078,0.0904,0.1852
lab_ex_btc_mcap_capped,backtest,CC,-0.0159,-0.2225,0.0838,0.0467
lab_ex_btc_mcap_capped,backtest,AAVE,0.0003,0.1375,0.033,0.0254
lab_ex_btc_mcap_capped,backtest,XMR,0.0157,0.2458,0.1191,0.1005
lab_ex_btc_mcap_capped,backtest,ENA,-0.0009,0.0325,0.0229,0.0206
lab_conviction_example,full,ETH,-0.0419,-0.1674,0.25,0.1743
lab_conviction_example,full,LINK,0.0041,0.0408,0.1,0.0872
lab_conviction_example,full,BNB,-0.0118,-0.1476,0.08,0.0571
lab_conviction_example,full,ONDO,0.0246,0.3076,0.08,0.0876
lab_conviction_example,full,SYRUP,-0.0198,-0.2824,0.07,0.0421
lab_conviction_example,full,HYPE,0.2308,2.3078,0.1,0.277
lab_conviction_example,full,CC,-0.0222,-0.2225,0.1,0.0651
lab_conviction_example,full,AAVE,0.0138,0.1375,0.1,0.0952
lab_conviction_example,full,XMR,0.0147,0.2458,0.06,0.0626
lab_conviction_example,full,ENA,0.0019,0.0325,0.06,0.0519
lab_conviction_example,backtest,ETH,-0.0419,-0.1674,0.25,0.1743
lab_conviction_example,backtest,LINK,0.0041,0.0408,0.1,0.0872
lab_conviction_example,backtest,BNB,-0.0118,-0.1476,0.08,0.0571
lab_conviction_example,backtest,ONDO,0.0246,0.3076,0.08,0.0876
lab_conviction_example,backtest,SYRUP,-0.0198,-0.2824,0.07,0.0421
lab_conviction_example,backtest,HYPE,0.2308,2.3078,0.1,0.277
lab_conviction_example,backtest,CC,-0.0222,-0.2225,0.1,0.0651
lab_conviction_example,backtest,AAVE,0.0138,0.1375,0.1,0.0952
lab_conviction_example,backtest,XMR,0.0147,0.2458,0.06,0.0626
lab_conviction_example,backtest,ENA,0.0019,0.0325,0.06,0.0519
