date,basket_ex_btc,basket_with_btc,bench_btc,bench_eth,lab_ex_btc_monthly,lab_ex_btc_mcap_capped,lab_conviction_example
2026-01-01,100.0,100.0,100.0,100.0,100.0,100.0,100.0
2026-01-02,103.5501,103.3508,101.3578,101.1389,103.5501,100.8502,102.8685
2026-01-03,107.2424,106.8335,102.7449,105.5582,107.2424,103.5171,106.5737
2026-01-04,108.2797,107.8425,103.4706,105.413,108.2797,104.4397,107.4918
2026-01-05,109.796,109.3523,104.9152,106.1641,109.796,105.233,108.7968
2026-01-06,111.1901,110.8273,107.1994,108.6654,111.1901,106.8378,110.2638
2026-01-07,113.0443,112.489,106.9364,110.8377,113.0443,108.388,112.1773
2026-01-08,108.5345,108.1439,104.2375,106.6459,108.5345,105.0697,107.8167
2026-01-09,107.2338,106.9346,103.9425,104.5801,107.2338,103.8225,106.1498
2026-01-10,106.8273,106.5157,103.399,103.8849,106.8273,103.3605,105.7178
2026-01-11,107.1499,106.7952,103.2489,103.9089,107.1499,103.9471,106.1089
2026-01-12,111.3928,110.6977,103.7471,105.0553,111.3928,108.3918,109.432
2026-01-13,112.8058,112.018,104.14,104.0961,112.8058,109.2708,109.9683
2026-01-14,119.2655,118.3294,108.9684,112.1371,119.2655,115.9707,116.5712
2026-01-15,118.4524,117.7428,110.6465,112.8547,118.4524,116.5629,115.7785
2026-01-16,114.7192,114.2135,109.1559,111.7573,114.7192,113.619,112.6926
2026-01-17,111.1816,110.9901,109.0758,110.858,111.1816,111.5942,110.0277
2026-01-18,109.712,109.5794,108.2533,111.3481,109.712,110.3763,108.8577
2026-01-19,105.0571,105.1962,106.5877,110.3615,105.0571,107.649,105.1616
2026-01-20,106.8497,106.7451,105.6991,107.298,106.8497,107.8478,105.6824
2026-01-21,100.0647,100.1462,100.9613,99.0524,100.0647,99.8974,99.3095
2026-01-22,103.2565,103.1555,102.1454,100.4763,103.2565,102.5136,102.4289
2026-01-23,102.9051,102.8391,102.1794,99.3723,102.9051,101.9268,101.9719
2026-01-24,101.2146,101.3066,102.2264,99.4981,101.2146,102.5732,100.9324
2026-01-25,101.7376,101.7432,101.7984,99.3541,101.7376,102.8275,101.5261
2026-01-26,94.9549,95.3149,98.9155,94.7107,94.9549,96.7581,95.093
2026-01-27,99.9534,100.0277,100.7706,98.5096,99.9534,100.8529,100.0914
2026-01-28,103.8053,103.622,101.7889,101.683,103.8053,104.6386,104.1658
2026-01-29,105.9597,105.5879,101.8694,101.4069,105.9597,106.246,106.1399
2026-01-30,103.1938,102.5978,96.6376,95.0373,103.1938,101.9873,102.7026
2026-01-31,100.8456,100.4071,96.0224,91.0064,100.8456,99.909,100.0155
2026-02-01,95.7438,95.204,89.8053,82.5131,95.7251,94.5244,94.4893
2026-02-02,92.1496,91.7546,87.8054,76.2398,92.1838,89.5913,90.6412
2026-02-03,94.437,94.0184,89.8322,78.9036,94.3042,92.0529,93.439
2026-02-04,92.1436,91.6176,86.358,74.9627,92.0113,89.2317,90.7034
2026-02-05,91.8037,91.0419,83.4247,72.1641,91.3018,87.6141,90.1216
2026-02-06,78.9983,78.3335,71.6851,61.407,78.3238,75.6798,77.7705
2026-02-07,84.8681,84.4476,80.2426,69.2173,84.4711,81.6433,83.9585
2026-02-08,85.6234,85.0276,79.0702,70.3019,85.3971,81.6703,84.632
2026-02-09,83.6889,83.3886,80.386,70.4514,83.3364,81.6918,83.3521
2026-02-10,82.0721,81.8956,80.1314,70.9349,81.7254,80.4791,81.7161
2026-02-11,80.0979,79.9625,78.609,68.0613,79.6647,78.4854,79.4478
2026-02-12,79.4296,79.1732,76.6092,65.4769,79.0113,77.5837,78.5879
2026-02-13,81.5483,81.0129,75.6591,65.5832,81.1805,78.9364,80.5578
2026-02-14,83.3782,82.9442,78.6041,68.9663,83.1747,80.7109,82.5575
2026-02-15,86.6613,86.0287,79.7026,70.2251,86.5416,82.793,85.5723
2026-02-16,82.8025,82.4147,78.537,66.2468,82.635,79.2959,81.8079
2026-02-17,83.2017,82.7861,78.6294,67.278,83.13,80.3888,82.4522
2026-02-18,82.4724,81.9881,77.1445,67.1493,82.4042,79.7953,81.8415
2026-02-19,80.5418,80.1154,75.8511,65.8126,80.372,78.3419,79.9763
2026-02-20,80.2392,79.8973,76.4784,65.6427,80.0377,78.3845,79.7069
2026-02-21,80.1083,79.8849,77.651,66.2596,79.8117,78.9563,79.7066
2026-02-22,80.8024,80.5183,77.6774,66.9001,80.5445,79.4612,80.5181
2026-02-23,76.5136,76.3252,74.4415,63.5162,76.0438,75.5915,76.413
2026-02-24,75.4683,75.3278,73.9228,62.5994,75.11,74.6198,75.2645
2026-02-25,75.7191,75.4868,73.1642,62.3591,75.279,74.7168,75.4168
2026-02-26,80.6546,80.3657,77.4765,69.1272,80.4183,79.8287,80.5834
2026-02-27,80.572,80.2539,77.0731,68.2655,80.1711,79.7213,80.4121
2026-02-28,78.9069,78.5735,75.2397,65.0202,78.4629,77.8943,78.4302
2026-03-01,80.3827,80.032,76.5253,66.219,79.6681,79.4349,80.0766
2026-03-02,79.7268,79.3119,75.1634,65.3124,79.037,78.9453,79.3028
2026-03-03,82.2603,81.9257,78.5794,68.3091,81.8387,81.158,81.9167
2026-03-04,80.1942,79.9926,77.9759,66.7654,79.8883,79.7082,79.7605
2026-03-05,83.0088,83.0148,83.0742,71.635,82.9997,82.5745,82.8426
2026-03-06,81.917,81.8266,80.9228,69.8094,82.0433,81.4294,81.5067
2026-03-07,79.8119,79.63,77.8108,66.635,79.4326,79.5188,79.4203
2026-03-08,79.1648,78.9584,76.8937,66.8158,78.7697,79.2544,79.0466
2026-03-09,77.4158,77.2337,75.4128,65.2988,76.8746,77.511,77.2793
2026-03-10,79.6524,79.5149,78.1394,67.1031,78.8291,80.0496,79.5597
2026-03-11,81.0167,80.9024,79.7593,68.5237,80.2263,81.2965,80.9924
2026-03-12,81.4023,81.2716,79.9645,69.088,80.3756,81.9168,81.3158
2026-03-13,83.0102,82.7736,80.4078,69.7609,82.0827,82.8656,82.9222
2026-03-14,83.6029,83.3562,80.8894,70.3721,82.7968,83.2362,83.3517
2026-03-15,85.0709,84.723,81.2438,70.9459,84.14,84.5828,84.8292
2026-03-16,85.9241,85.6839,83.2821,73.4698,85.2272,85.6732,85.9067
2026-03-17,89.8542,89.4379,85.2747,78.906,89.0395,89.2199,90.1642
2026-03-18,88.7579,88.3712,84.5043,78.1457,87.8102,88.5293,89.2435
2026-03-19,85.75,85.3477,81.3246,74.1789,84.3116,85.8326,86.2515
2026-03-20,83.2575,82.9485,79.8586,72.0368,82.0382,83.362,83.6475
2026-03-21,82.6131,82.4239,80.5324,72.2747,81.2934,83.1657,83.0389
2026-03-22,81.8518,81.5136,78.1319,69.5669,80.4615,82.1011,82.0706
2026-03-23,81.4956,81.1388,77.5717,69.2142,80.1371,81.9377,81.5724
2026-03-24,81.7656,81.7014,81.0588,72.4731,80.5382,82.7586,82.3994
2026-03-25,83.182,82.9414,80.5353,72.6052,81.6669,83.7918,83.8757
2026-03-26,84.307,84.0446,81.42,73.1446,83.0434,84.6626,84.8177
2026-03-27,81.2856,81.0304,78.4781,69.3458,79.8176,81.5636,81.6881
2026-03-28,77.8911,77.6956,75.7406,67.0549,76.1887,78.8133,78.3053
2026-03-29,79.0274,78.7347,75.8079,67.3411,76.9965,79.8413,79.4335
2026-03-30,77.3131,77.1304,75.3035,66.7247,75.4874,78.5412,77.8042
2026-03-31,77.1874,77.0934,76.1533,68.148,75.6348,78.5601,77.8855
2026-04-01,78.5186,78.4506,77.7704,70.552,77.061,79.9918,79.3342
2026-04-02,78.1779,78.1255,77.6019,71.7683,76.9458,79.8469,79.1376
2026-04-03,75.7793,75.8336,76.3774,69.1016,74.2419,77.2477,76.7613
2026-04-04,75.2501,75.3458,76.3032,67.6566,73.6379,76.6579,76.1409
2026-04-05,75.94,75.9994,76.5939,69.0926,74.2187,77.7069,76.9583
2026-04-06,76.952,77.1193,78.7919,69.5683,75.1815,78.873,77.8963
2026-04-07,76.956,77.0886,78.4153,70.7335,75.2855,78.8274,78.0745
2026-04-08,80.7592,80.8565,81.829,75.2795,79.1286,82.7343,82.0218
2026-04-09,78.7653,78.9382,80.6677,73.3929,77.0882,80.2255,79.9556
2026-04-10,80.2101,80.3267,81.4933,73.3317,78.2765,81.647,81.2151
2026-04-11,81.4098,81.5785,83.266,75.6699,79.3582,82.9511,82.7103
2026-04-12,81.932,82.0638,83.382,76.8699,79.8667,83.4256,83.3841
2026-04-13,79.2845,79.4119,80.6858,73.7104,77.1457,80.9316,80.5811
2026-04-14,84.8174,84.8384,85.0489,79.9324,82.5933,86.2347,86.5512
2026-04-15,82.8077,82.9923,84.8385,78.3307,80.4488,84.8357,84.5685
2026-04-16,84.6678,84.7382,85.4425,79.4799,82.3644,86.2052,86.3915
2026-04-17,86.6353,86.5565,85.7687,79.0897,85.2035,86.8684,87.8253
2026-04-18,88.2255,88.2112,88.0682,81.5241,87.0841,88.4239,89.4464
2026-04-19,85.344,85.4453,86.4586,79.173,83.9869,86.1941,86.4494
2026-04-20,81.6452,81.8881,84.3174,76.2348,80.3413,83.3172,82.6962
2026-04-21,83.2629,83.5681,86.6206,77.9332,81.8275,85.2032,84.4417
2026-04-22,83.5164,83.8472,87.1552,78.3381,82.4014,85.6319,84.4159
2026-04-23,83.7398,84.2488,89.3392,79.9896,82.1901,86.244,85.1615
2026-04-24,84.1417,84.6179,89.3809,78.4873,82.7078,86.2054,85.1341
2026-04-25,83.9735,84.3792,88.4357,77.969,82.5254,85.7715,84.9756
2026-04-26,84.1213,84.5329,88.6491,78.1328,82.5898,85.7167,85.1137
2026-04-27,86.0624,86.4017,89.7947,79.7687,84.574,87.3819,86.9183
2026-04-28,84.5429,84.8884,88.3434,77.5711,83.0919,85.623,85.3126
2026-04-29,83.6669,83.9846,87.1617,77.1968,82.4159,84.8526,84.4361
2026-04-30,82.8175,83.1556,86.5372,75.8787,81.3931,84.0288,83.5311
2026-05-01,82.5822,82.9949,87.1216,75.9908,81.1622,83.905,83.3174
2026-05-02,83.4998,84.0274,89.3037,77.2916,81.8233,84.7172,84.354
2026-05-03,84.3885,84.8841,89.84,78.1907,82.8173,85.3087,85.2003
2026-05-04,84.5568,85.02,89.6512,78.2009,82.8545,85.4906,85.3129
2026-05-05,86.1633,86.6168,91.1514,78.9949,84.4968,86.7342,86.7237
2026-05-06,88.3957,88.7592,92.3939,79.4822,86.7394,88.3942,88.6833
2026-05-07,89.0529,89.4109,92.9909,79.1579,87.8885,89.0836,89.0415
2026-05-08,88.2862,88.5673,91.3787,77.1475,87.2267,87.5277,88.0797
2026-05-09,93.1729,93.0276,91.5755,77.6919,92.7593,89.671,92.1291
2026-05-10,93.0963,93.0079,92.124,78.3549,92.478,90.3314,92.2581
2026-05-11,94.3876,94.321,93.655,79.796,94.0333,91.6271,93.6384
2026-05-12,94.2405,94.1467,93.2087,78.7398,93.8597,91.5947,93.332
2026-05-13,90.1355,90.296,91.9008,76.6237,89.7233,88.933,89.4378
2026-05-14,88.6971,88.8645,90.5382,76.0425,88.3569,88.1576,88.2439
2026-05-15,92.2783,92.3039,92.5596,76.8543,91.0473,91.0111,91.7913
2026-05-16,88.9914,89.1092,90.2868,74.8793,87.2966,88.8582,88.8142
2026-05-17,86.1448,86.4242,89.2181,73.403,84.6133,86.5916,85.9888
2026-05-18,86.9636,87.0955,88.4139,71.7417,84.5447,86.9798,86.6863
2026-05-19,88.4757,88.4214,87.8782,71.6792,85.906,87.2758,87.9994
2026-05-20,87.8873,87.8656,87.6491,71.0209,85.0415,87.0762,87.3341
2026-05-21,92.3958,92.0382,88.4617,71.6313,88.4217,90.5194,91.6472
2026-05-22,94.3922,93.8614,88.5531,71.7887,89.7814,92.0596,93.6638
2026-05-23,90.4434,90.0565,86.1871,69.4956,86.1966,89.0351,89.8664
2026-05-24,94.1052,93.5106,87.5642,71.2596,89.2729,91.7552,93.4515
2026-05-25,95.93,95.2039,87.9429,70.6275,90.1383,93.1936,95.1883
2026-05-26,95.3545,94.7059,88.2196,71.0631,89.9536,92.8589,94.6822
2026-05-27,92.6669,92.1165,86.6127,69.7754,87.4725,90.8477,92.1135
2026-05-28,90.2583,89.7699,84.8868,68.0958,85.0531,89.3739,89.7122
2026-05-29,89.3023,88.8294,84.1012,67.6126,83.168,88.752,89.3597
2026-05-30,91.1252,90.471,83.9291,67.7623,84.3356,90.8067,90.9084
2026-05-31,93.5719,92.7284,84.2938,68.0689,86.3648,94.1998,93.3575
2026-06-01,94.5002,93.5493,84.0407,67.5095,86.4411,94.819,94.3384
2026-06-02,93.7378,92.6198,81.4391,67.4599,85.2008,93.8551,93.8779
2026-06-03,90.1498,88.8811,76.1944,62.5706,81.8576,88.7743,89.7131
2026-06-04,94.371,92.4403,73.1334,60.9999,85.5961,90.2504,92.8726
2026-06-05,87.2244,85.9189,72.864,59.5628,80.3248,85.2653,86.0851
2026-06-06,80.8215,79.8022,69.609,53.2809,74.3715,78.5874,79.6671
2026-06-07,79.434,78.5299,69.4893,52.8178,73.6088,77.734,78.4751
2026-06-08,82.9591,81.9856,72.2506,56.8305,76.4967,81.7216,82.3266
2026-06-09,84.8252,83.6608,72.0173,56.9185,76.9841,83.1749,84.1143
2026-06-10,81.6353,80.6157,70.4193,55.1762,75.0562,80.3422,80.8563
2026-06-11,78.8508,78.0646,70.2028,54.5758,73.1311,78.5568,78.0824
2026-06-12,84.5235,83.437,72.5728,56.2913,77.82,83.3236,83.1201
2026-06-13,83.3502,82.368,72.5461,56.0788,76.4214,82.4146,82.3506
2026-06-14,84.5696,83.5675,73.547,56.5754,77.6195,83.1213,83.5981
2026-06-15,86.7628,85.6964,75.032,58.0954,79.3683,85.0163,85.8397
2026-06-16,89.2512,88.0191,75.6979,60.4357,81.3713,87.2628,88.5597
2026-06-17,91.4714,89.9675,74.9292,60.3155,81.8644,88.6392,90.8211
2026-06-18,90.1901,88.6808,73.5878,58.8801,81.5133,87.0711,89.2716
2026-06-19,88.0201,86.5475,71.821,57.5779,79.9893,84.4957,87.1599
2026-06-20,87.4367,86.0786,72.4976,57.5374,78.5294,84.5048,86.8255
2026-06-21,87.8607,86.5434,73.3695,58.5609,79.1341,85.284,87.3524
2026-06-22,85.1231,83.951,72.23,57.4039,77.1709,83.1635,84.6095
2026-06-23,85.5639,84.4225,73.0086,58.0857,78.229,83.4863,85.0252
2026-06-24,82.3629,81.3802,71.5527,56.0842,75.5957,80.8417,81.7923
2026-06-25,82.6627,81.479,69.6426,54.5666,75.4099,80.3158,82.0209
2026-06-26,82.0311,80.7737,68.2006,52.727,74.5082,79.3589,81.282
2026-06-27,83.8581,82.4654,68.5382,53.0944,76.8953,80.4781,82.9611
2026-06-28,82.4863,81.2111,68.4595,52.9267,76.2882,79.0474,81.6594
2026-06-29,81.6679,80.4195,67.9356,52.8642,75.3647,78.4262,80.9183
2026-06-30,84.3899,82.9623,68.6866,54.1999,76.9149,80.8243,83.6469
2026-07-01,81.5086,80.1783,66.8753,52.8556,73.8142,78.5365,80.9436
2026-07-02,81.55,80.3614,68.4758,54.1495,74.8447,78.8029,80.9274
2026-07-03,85.0305,83.6836,70.2143,57.1901,77.8003,81.974,84.5611
2026-07-04,87.6741,86.1972,71.4286,59.157,79.6984,84.6602,87.313
2026-07-05,87.7095,86.2849,72.0393,59.929,80.054,84.9123,87.401
2026-07-06,88.8357,87.3605,72.6076,60.0756,81.0744,85.9602,88.4395
2026-07-07,88.7337,87.3108,73.0816,60.5569,81.3745,85.6432,88.4214
2026-07-08,87.1221,85.7766,72.3212,59.6365,79.9767,84.3162,86.6637
2026-07-09,84.7481,83.5054,71.0786,58.661,77.726,82.4596,84.479
2026-07-10,85.0161,83.8472,72.1585,58.7434,78.125,82.6202,84.8113
2026-07-11,87.4681,86.1716,73.2069,60.4452,81.4328,84.2254,87.0475
2026-07-12,87.3634,86.0433,72.8419,60.1997,81.596,83.9677,86.8978
2026-07-13,87.3802,86.0539,72.7909,60.7902,81.4585,84.263,87.0281
2026-07-14,84.7796,83.5374,71.115,59.7331,79.8317,82.2515,84.3982
2026-07-15,88.0387,86.781,74.2032,63.6462,83.0996,85.8622,87.9712
2026-07-16,89.8183,88.3711,73.8991,64.5367,84.2805,86.7953,89.6399
2026-07-17,86.0412,84.8414,72.843,62.7269,81.9073,83.8215,85.6555
2026-07-18,85.4265,84.2943,72.9716,61.9781,81.508,82.8999,84.9127
2026-07-19,84.6716,83.7004,73.9888,62.7039,80.5668,83.27,84.4572
2026-07-20,85.1889,84.1577,73.8457,62.9899,80.8411,83.7107,85.0115
2026-07-21,86.6054,85.4988,74.4332,64.0322,82.2994,84.6415,86.3739
2026-07-22,88.3855,87.2558,75.9588,64.9373,84.5939,85.6303,87.831
2026-07-23,87.9306,86.7961,75.4519,65.0975,84.7025,85.0384,87.3417
2026-07-24,86.2547,85.1663,74.282,63.2136,83.2954,83.5364,85.4833
2026-07-25,85.1345,84.0482,73.186,62.6406,82.0313,82.9689,84.3839
2026-07-26,85.4474,84.3561,73.4436,63.1124,82.0515,83.6013,84.819
2026-07-27,88.3335,87.0864,74.6147,65.7536,85.0555,85.7928,87.9215
2026-07-28,84.573,83.4972,72.7392,63.651,81.5384,82.8022,84.2313
2026-07-29,84.9069,83.8195,72.9454,64.6623,82.2641,83.2129,84.6483
2026-07-30,84.0146,83.0119,72.9849,64.2668,81.2696,82.8904,83.725
2026-07-31,85.9098,84.8206,73.929,64.5641,82.8362,84.5879,85.4459
2026-08-01,82.564,81.5793,71.7329,62.6456,80.1534,82.1647,82.0441
2026-08-02,81.57,80.6707,71.6786,62.0682,79.0974,81.2905,81.0378
2026-08-03,82.8245,81.8872,72.5143,63.3977,80.8745,82.7653,82.2768
2026-08-04,83.0591,82.0964,72.4695,62.5764,81.0184,82.5544,82.3436
2026-08-05,82.725,81.8547,73.1512,62.9159,80.3104,82.5401,82.1725
2026-08-06,83.7183,82.8144,73.7752,64.2228,80.9436,83.6218,83.1803
2026-08-07,82.0568,81.268,73.3802,64.0452,79.408,82.7774,81.6089
2026-08-08,81.0145,80.3846,74.0848,64.4097,78.8336,82.4959,80.6493
2026-08-09,81.9924,81.2774,74.1276,64.4926,79.565,83.3461,81.6233
2026-08-10,81.8115,81.1066,74.0577,64.2735,79.4681,83.462,81.3587
2026-08-11,81.8456,81.04,72.9839,63.0094,79.3144,83.1352,81.1945
2026-08-12,81.8799,81.0319,72.5521,63.3154,79.7428,83.8352,81.4038
2026-08-13,82.1995,81.3091,72.4049,63.2231,79.4719,84.0579,81.689
2026-08-14,83.1469,82.1724,72.4284,63.447,80.1497,84.6809,82.6083
2026-08-15,82.484,81.5237,71.9204,63.3101,79.6532,84.3929,81.9517
2026-08-16,83.5196,82.47,71.9738,63.3313,80.8215,85.2063,82.8482
2026-08-17,83.4227,82.3625,71.7598,63.1106,80.5325,84.8222,82.7107
2026-08-18,84.9007,83.8771,73.6412,64.3857,81.6226,86.0781,84.2449
2026-08-19,83.8363,82.9297,73.8638,64.5246,80.6388,85.7029,83.3743
2026-08-20,93.0337,91.769,79.1219,75.8152,88.3516,95.3366,93.7303
2026-08-21,97.2259,95.9673,83.381,78.3335,93.2074,98.547,97.6834
2026-08-22,105.7888,104.3015,89.4293,84.6782,103.698,105.1894,106.1156
2026-08-23,107.4316,105.6667,88.0171,81.5956,105.1036,105.7771,107.0779
2026-08-24,110.6326,108.6422,88.738,82.9084,108.1246,107.4828,110.3235
2026-08-25,108.887,107.1862,90.1785,83.5642,106.6102,107.2498,108.6677
2026-08-26,106.8276,105.266,89.6502,82.2218,103.724,105.744,106.7863
2026-08-27,108.849,107.1563,90.2289,84.3878,105.3642,107.9686,108.9801
2026-08-28,111.2247,109.4458,91.6567,84.5602,108.2143,109.4394,110.8043
2026-08-29,107.5156,105.8198,88.8618,82.2352,104.66,106.5031,107.0116
2026-08-30,108.9973,107.2087,89.3235,82.7295,105.5145,107.6497,108.6648
2026-08-31,106.2278,104.6322,88.6762,81.3542,102.7913,105.746,105.8603
2026-09-01,109.9793,108.1355,89.6977,83.0485,105.9634,108.8004,109.3744
2026-09-02,109.0591,107.181,88.4001,81.4024,105.6303,106.9489,108.1462
2026-09-03,108.0775,106.2763,88.2639,80.497,104.8638,106.0263,107.178
2026-09-04,114.5426,112.5655,92.7944,84.4318,110.9581,111.9327,113.3529
2026-09-05,112.1384,110.2145,90.9748,82.6957,109.0819,109.8491,110.7986
2026-09-06,115.3774,113.1746,91.1466,83.501,112.4501,113.423,113.5077
2026-09-07,118.2233,115.8145,91.7263,84.646,115.2731,114.9253,116.4274
2026-09-08,114.4932,112.2951,90.3151,83.8173,111.6501,112.1186,113.0966
2026-09-09,113.5847,111.4025,89.5812,83.6716,110.8098,111.8446,112.4022
2026-09-10,110.7322,108.792,89.3897,83.081,107.5048,109.5104,109.7631
2026-09-11,106.5735,104.8319,87.4164,82.0704,104.2553,106.3991,105.7465
2026-09-12,108.0128,106.2077,88.157,84.6742,105.502,108.6674,107.4541
2026-09-13,108.8045,106.9335,88.2233,85.025,106.4102,109.258,108.0551
2026-09-14,105.8018,104.1578,87.718,83.3892,103.4518,106.697,105.2721
2026-09-15,108.4688,106.7229,89.2644,84.6712,105.7781,108.5474,107.9233
2026-09-16,103.7195,102.1372,86.3148,80.723,100.9518,104.6415,103.0435
2026-09-17,105.8368,104.1198,86.9504,81.3447,103.2521,106.2391,105.006
2026-09-18,111.4247,109.2231,87.2068,82.3609,107.6676,109.8859,110.2107
2026-09-19,120.1781,117.6481,92.3477,87.9303,115.7209,117.3279,118.7621
2026-09-20,122.3524,119.6624,92.7621,88.619,118.993,117.7407,120.3351
2026-09-21,124.1438,121.2839,92.6851,89.0475,120.5328,119.1947,121.7321
2026-09-22,128.292,125.6184,98.8829,93.4391,125.4354,123.7314,126.0561
2026-09-23,128.0923,125.3939,98.4108,92.6802,124.0644,123.1674,126.0408
2026-09-24,122.4635,120.09,96.3544,90.381,118.0586,119.0754,120.8563
2026-09-25,128.116,125.2281,96.3493,90.4747,125.683,121.0738,125.2492
2026-09-26,133.2284,129.8444,96.0042,90.6014,132.4189,123.0638,129.3836
2026-09-27,133.735,130.3403,96.3936,90.7602,132.9965,123.5293,129.9604
2026-09-28,134.5024,131.0413,96.4302,90.4885,134.1689,123.3784,130.4799
2026-09-29,130.6756,127.4618,95.3231,90.5015,131.1726,121.982,127.3187
2026-09-30,129.1628,126.1032,95.5068,90.1468,129.9011,120.3646,125.9829
2026-10-01,131.398,128.1286,95.4337,90.3934,130.8718,122.0977,127.9689
2026-10-02,129.8591,126.8609,96.8788,91.0865,130.5219,121.2781,126.8537
2026-10-03,129.6292,126.6171,96.4961,89.8291,129.9791,120.484,126.7041
2026-10-04,132.1379,128.9223,96.7659,90.4669,133.2366,122.4679,128.7829
2026-10-05,132.983,129.8719,98.7607,91.7806,134.0717,123.7025,129.8508
2026-10-06,134.5886,131.2569,97.9399,91.259,134.3894,124.1183,131.1722
2026-10-07,132.6961,129.5125,97.6763,90.813,133.0125,122.954,129.4694
2026-10-08,127.3436,124.4122,95.0979,86.6399,127.3261,118.9785,124.1555
2026-10-09,122.5212,119.8625,93.2753,83.256,123.0746,114.0937,119.4236
