scheme,window,asset,weight,risk_share,portfolio_vol
basket_ex_btc,full,ETH,0.068,0.0584,0.5868
basket_ex_btc,full,LINK,0.085,0.0752,0.5868
basket_ex_btc,full,BNB,0.0696,0.0386,0.5868
basket_ex_btc,full,ONDO,0.1067,0.1235,0.5868
basket_ex_btc,full,SYRUP,0.0586,0.0507,0.5868
basket_ex_btc,full,HYPE,0.27,0.3274,0.5868
basket_ex_btc,full,CC,0.0635,0.034,0.5868
basket_ex_btc,full,AAVE,0.0928,0.102,0.5868
basket_ex_btc,full,XMR,0.1017,0.0729,0.5868
basket_ex_btc,full,ENA,0.0843,0.1174,0.5868
basket_ex_btc,recent,ETH,0.068,0.0553,0.5625
basket_ex_btc,recent,LINK,0.085,0.0816,0.5625
basket_ex_btc,recent,BNB,0.0696,0.0338,0.5625
basket_ex_btc,recent,ONDO,0.1067,0.1287,0.5625
basket_ex_btc,recent,SYRUP,0.0586,0.0495,0.5625
basket_ex_btc,recent,HYPE,0.27,0.297,0.5625
basket_ex_btc,recent,CC,0.0635,0.064,0.5625
basket_ex_btc,recent,AAVE,0.0928,0.1106,0.5625
basket_ex_btc,recent,XMR,0.1017,0.0332,0.5625
basket_ex_btc,recent,ENA,0.0843,0.1462,0.5625
basket_with_btc,full,BTC,0.0707,0.0445,0.5703
basket_with_btc,full,ETH,0.0631,0.0569,0.5703
basket_with_btc,full,LINK,0.0789,0.0724,0.5703
basket_with_btc,full,BNB,0.0647,0.0377,0.5703
basket_with_btc,full,ONDO,0.0992,0.1172,0.5703
basket_with_btc,full,SYRUP,0.0544,0.049,0.5703
basket_with_btc,full,HYPE,0.2509,0.3098,0.5703
basket_with_btc,full,CC,0.059,0.0325,0.5703
basket_with_btc,full,AAVE,0.0863,0.0982,0.5703
basket_with_btc,full,XMR,0.0945,0.0701,0.5703
basket_with_btc,full,ENA,0.0783,0.1118,0.5703
basket_with_btc,recent,BTC,0.0707,0.0424,0.5456
basket_with_btc,recent,ETH,0.0631,0.0536,0.5456
basket_with_btc,recent,LINK,0.0789,0.0783,0.5456
basket_with_btc,recent,BNB,0.0647,0.0326,0.5456
basket_with_btc,recent,ONDO,0.0992,0.1227,0.5456
basket_with_btc,recent,SYRUP,0.0544,0.0476,0.5456
basket_with_btc,recent,HYPE,0.2509,0.2839,0.5456
basket_with_btc,recent,CC,0.059,0.0613,0.5456
basket_with_btc,recent,AAVE,0.0863,0.1064,0.5456
basket_with_btc,recent,XMR,0.0945,0.032,0.5456
basket_with_btc,recent,ENA,0.0783,0.1393,0.5456
