date,scheme,vol,beta_btc,corr_btc
2026-04-01,basket_ex_btc,0.6078,0.861,0.83
2026-04-02,basket_ex_btc,0.603,0.857,0.831
2026-04-03,basket_ex_btc,0.6005,0.855,0.832
2026-04-04,basket_ex_btc,0.6,0.854,0.831
2026-04-05,basket_ex_btc,0.5995,0.854,0.831
2026-04-06,basket_ex_btc,0.5995,0.851,0.83
2026-04-07,basket_ex_btc,0.5982,0.851,0.832
2026-04-08,basket_ex_btc,0.6031,0.854,0.836
2026-04-09,basket_ex_btc,0.6044,0.855,0.836
2026-04-10,basket_ex_btc,0.6059,0.857,0.836
2026-04-11,basket_ex_btc,0.6068,0.856,0.837
2026-04-12,basket_ex_btc,0.601,0.854,0.842
2026-04-13,basket_ex_btc,0.6031,0.854,0.844
2026-04-14,basket_ex_btc,0.6087,0.86,0.846
2026-04-15,basket_ex_btc,0.6101,0.863,0.846
2026-04-16,basket_ex_btc,0.6096,0.863,0.846
2026-04-17,basket_ex_btc,0.6091,0.865,0.849
2026-04-18,basket_ex_btc,0.6101,0.863,0.849
2026-04-19,basket_ex_btc,0.6078,0.862,0.852
2026-04-20,basket_ex_btc,0.6123,0.869,0.855
2026-04-21,basket_ex_btc,0.6011,0.856,0.853
2026-04-22,basket_ex_btc,0.5973,0.853,0.854
2026-04-23,basket_ex_btc,0.5974,0.847,0.852
2026-04-24,basket_ex_btc,0.5968,0.848,0.853
2026-04-25,basket_ex_btc,0.5966,0.847,0.854
2026-04-26,basket_ex_btc,0.5817,0.834,0.858
2026-04-27,basket_ex_btc,0.5736,0.828,0.863
2026-04-28,basket_ex_btc,0.5687,0.824,0.867
2026-04-29,basket_ex_btc,0.5671,0.824,0.87
2026-04-30,basket_ex_btc,0.5653,0.834,0.871
2026-05-01,basket_ex_btc,0.5637,0.832,0.872
2026-05-02,basket_ex_btc,0.5554,0.833,0.867
2026-05-03,basket_ex_btc,0.5509,0.829,0.867
2026-05-04,basket_ex_btc,0.5485,0.827,0.866
2026-05-05,basket_ex_btc,0.5478,0.833,0.866
2026-05-06,basket_ex_btc,0.5503,0.847,0.87
2026-05-07,basket_ex_btc,0.4715,0.799,0.824
2026-05-08,basket_ex_btc,0.4481,0.85,0.809
2026-05-09,basket_ex_btc,0.4611,0.859,0.792
2026-05-10,basket_ex_btc,0.4586,0.871,0.805
2026-05-11,basket_ex_btc,0.4573,0.869,0.807
2026-05-12,basket_ex_btc,0.4543,0.865,0.805
2026-05-13,basket_ex_btc,0.4631,0.885,0.804
2026-05-14,basket_ex_btc,0.4616,0.899,0.82
2026-05-15,basket_ex_btc,0.4664,0.92,0.821
2026-05-16,basket_ex_btc,0.4658,0.919,0.827
2026-05-17,basket_ex_btc,0.4615,0.914,0.829
2026-05-18,basket_ex_btc,0.4617,0.91,0.826
2026-05-19,basket_ex_btc,0.4625,0.91,0.821
2026-05-20,basket_ex_btc,0.4601,0.907,0.819
2026-05-21,basket_ex_btc,0.4709,0.916,0.809
2026-05-22,basket_ex_btc,0.4725,0.921,0.809
2026-05-23,basket_ex_btc,0.4805,0.933,0.813
2026-05-24,basket_ex_btc,0.4738,0.926,0.802
2026-05-25,basket_ex_btc,0.4738,0.925,0.801
2026-05-26,basket_ex_btc,0.4741,0.929,0.802
2026-05-27,basket_ex_btc,0.4609,0.92,0.788
2026-05-28,basket_ex_btc,0.4643,0.925,0.791
2026-05-29,basket_ex_btc,0.4627,0.926,0.789
2026-05-30,basket_ex_btc,0.463,0.923,0.784
2026-05-31,basket_ex_btc,0.4653,0.929,0.781
2026-06-01,basket_ex_btc,0.4617,0.942,0.777
2026-06-02,basket_ex_btc,0.4589,0.92,0.774
2026-06-03,basket_ex_btc,0.461,0.934,0.78
2026-06-04,basket_ex_btc,0.469,0.853,0.709
2026-06-05,basket_ex_btc,0.4914,0.864,0.673
2026-06-06,basket_ex_btc,0.5136,0.907,0.692
2026-06-07,basket_ex_btc,0.5128,0.904,0.688
2026-06-08,basket_ex_btc,0.5173,0.917,0.695
2026-06-09,basket_ex_btc,0.5181,0.918,0.69
2026-06-10,basket_ex_btc,0.5238,0.928,0.694
2026-06-11,basket_ex_btc,0.5268,0.927,0.689
2026-06-12,basket_ex_btc,0.5463,0.963,0.701
2026-06-13,basket_ex_btc,0.546,0.961,0.699
2026-06-14,basket_ex_btc,0.5464,0.972,0.702
2026-06-15,basket_ex_btc,0.541,0.96,0.699
2026-06-16,basket_ex_btc,0.5435,0.964,0.699
2026-06-17,basket_ex_btc,0.5412,0.957,0.685
2026-06-18,basket_ex_btc,0.5386,0.95,0.683
2026-06-19,basket_ex_btc,0.5407,0.956,0.69
2026-06-20,basket_ex_btc,0.5405,0.965,0.689
2026-06-21,basket_ex_btc,0.5404,0.962,0.688
2026-06-22,basket_ex_btc,0.5443,1.025,0.709
2026-06-23,basket_ex_btc,0.5434,1.026,0.712
2026-06-24,basket_ex_btc,0.5481,1.036,0.715
2026-06-25,basket_ex_btc,0.5432,1.014,0.7
2026-06-26,basket_ex_btc,0.5366,0.999,0.69
2026-06-27,basket_ex_btc,0.5377,1.001,0.691
2026-06-28,basket_ex_btc,0.5368,0.998,0.69
2026-06-29,basket_ex_btc,0.5373,1.004,0.692
2026-06-30,basket_ex_btc,0.5402,1.016,0.693
2026-07-01,basket_ex_btc,0.5448,1.023,0.698
2026-07-02,basket_ex_btc,0.541,0.996,0.689
2026-07-03,basket_ex_btc,0.5471,1.008,0.696
2026-07-04,basket_ex_btc,0.5501,1.013,0.699
2026-07-05,basket_ex_btc,0.5496,1.026,0.701
2026-07-06,basket_ex_btc,0.5501,1.027,0.701
2026-07-07,basket_ex_btc,0.5416,1.021,0.689
2026-07-08,basket_ex_btc,0.5404,1.019,0.688
2026-07-09,basket_ex_btc,0.5424,1.023,0.689
2026-07-10,basket_ex_btc,0.5417,1.023,0.687
2026-07-11,basket_ex_btc,0.5445,1.028,0.69
2026-07-12,basket_ex_btc,0.5402,1.026,0.684
2026-07-13,basket_ex_btc,0.522,1.003,0.657
2026-07-14,basket_ex_btc,0.5233,1.009,0.665
2026-07-15,basket_ex_btc,0.527,0.994,0.672
2026-07-16,basket_ex_btc,0.5265,0.989,0.669
2026-07-17,basket_ex_btc,0.5323,1.012,0.669
2026-07-18,basket_ex_btc,0.5283,1.001,0.665
2026-07-19,basket_ex_btc,0.5211,0.972,0.651
2026-07-20,basket_ex_btc,0.5198,0.981,0.649
2026-07-21,basket_ex_btc,0.5208,0.985,0.651
2026-07-22,basket_ex_btc,0.5223,1.006,0.66
2026-07-23,basket_ex_btc,0.5224,1.006,0.66
2026-07-24,basket_ex_btc,0.5239,1.011,0.663
2026-07-25,basket_ex_btc,0.5246,1.011,0.664
2026-07-26,basket_ex_btc,0.5226,1.007,0.662
2026-07-27,basket_ex_btc,0.5256,1.014,0.664
2026-07-28,basket_ex_btc,0.5324,1.03,0.671
2026-07-29,basket_ex_btc,0.532,1.029,0.67
2026-07-30,basket_ex_btc,0.5325,1.032,0.671
2026-07-31,basket_ex_btc,0.5339,1.051,0.676
2026-08-01,basket_ex_btc,0.5394,1.061,0.683
2026-08-02,basket_ex_btc,0.5399,1.06,0.682
2026-08-03,basket_ex_btc,0.5395,1.061,0.681
2026-08-04,basket_ex_btc,0.5369,1.056,0.678
2026-08-05,basket_ex_btc,0.5367,1.05,0.675
2026-08-06,basket_ex_btc,0.5371,1.054,0.676
2026-08-07,basket_ex_btc,0.5264,1.048,0.686
2026-08-08,basket_ex_btc,0.5269,1.04,0.681
2026-08-09,basket_ex_btc,0.5267,1.045,0.68
2026-08-10,basket_ex_btc,0.5267,1.045,0.68
2026-08-11,basket_ex_btc,0.5196,1.026,0.677
2026-08-12,basket_ex_btc,0.5187,1.025,0.675
2026-08-13,basket_ex_btc,0.5121,1.011,0.668
2026-08-14,basket_ex_btc,0.5077,1.001,0.661
2026-08-15,basket_ex_btc,0.5039,0.994,0.661
2026-08-16,basket_ex_btc,0.5042,0.999,0.663
2026-08-17,basket_ex_btc,0.5029,1.002,0.667
2026-08-18,basket_ex_btc,0.5041,0.992,0.668
2026-08-19,basket_ex_btc,0.4937,0.973,0.668
2026-08-20,basket_ex_btc,0.5398,1.057,0.723
2026-08-21,basket_ex_btc,0.5404,1.026,0.725
2026-08-22,basket_ex_btc,0.5626,1.039,0.753
2026-08-23,basket_ex_btc,0.5621,1.026,0.746
2026-08-24,basket_ex_btc,0.5648,1.03,0.747
2026-08-25,basket_ex_btc,0.5626,1.012,0.735
2026-08-26,basket_ex_btc,0.5613,1.011,0.732
2026-08-27,basket_ex_btc,0.5617,1.011,0.732
2026-08-28,basket_ex_btc,0.5619,1.015,0.736
2026-08-29,basket_ex_btc,0.5643,1.016,0.742
2026-08-30,basket_ex_btc,0.5646,1.018,0.743
2026-08-31,basket_ex_btc,0.5669,1.039,0.747
2026-09-01,basket_ex_btc,0.5649,1.097,0.748
2026-09-02,basket_ex_btc,0.5581,1.204,0.814
2026-09-03,basket_ex_btc,0.5357,1.192,0.84
2026-09-04,basket_ex_btc,0.5251,1.163,0.836
2026-09-05,basket_ex_btc,0.5258,1.16,0.839
2026-09-06,basket_ex_btc,0.5219,1.161,0.83
2026-09-07,basket_ex_btc,0.5222,1.168,0.834
2026-09-08,basket_ex_btc,0.5204,1.166,0.832
2026-09-09,basket_ex_btc,0.5151,1.16,0.838
2026-09-10,basket_ex_btc,0.4998,1.133,0.831
2026-09-11,basket_ex_btc,0.5054,1.142,0.836
2026-09-12,basket_ex_btc,0.5053,1.143,0.836
2026-09-13,basket_ex_btc,0.5032,1.142,0.834
2026-09-14,basket_ex_btc,0.5041,1.143,0.833
2026-09-15,basket_ex_btc,0.5042,1.158,0.846
2026-09-16,basket_ex_btc,0.5116,1.168,0.851
2026-09-17,basket_ex_btc,0.5102,1.173,0.849
2026-09-18,basket_ex_btc,0.5199,1.178,0.836
2026-09-19,basket_ex_btc,0.5416,1.194,0.85
2026-09-20,basket_ex_btc,0.5376,1.188,0.848
2026-09-21,basket_ex_btc,0.538,1.188,0.847
2026-09-22,basket_ex_btc,0.5343,1.104,0.83
2026-09-23,basket_ex_btc,0.5344,1.129,0.839
2026-09-24,basket_ex_btc,0.543,1.152,0.843
2026-09-25,basket_ex_btc,0.5482,1.147,0.832
2026-09-26,basket_ex_btc,0.5509,1.136,0.82
2026-09-27,basket_ex_btc,0.55,1.135,0.82
2026-09-28,basket_ex_btc,0.5471,1.131,0.821
2026-09-29,basket_ex_btc,0.5455,1.134,0.817
2026-09-30,basket_ex_btc,0.5466,1.149,0.823
2026-10-01,basket_ex_btc,0.5419,1.14,0.818
2026-10-02,basket_ex_btc,0.5403,1.127,0.81
2026-10-03,basket_ex_btc,0.5404,1.128,0.811
2026-10-04,basket_ex_btc,0.541,1.127,0.81
2026-10-05,basket_ex_btc,0.5409,1.12,0.808
2026-10-06,basket_ex_btc,0.539,1.11,0.803
2026-10-07,basket_ex_btc,0.5364,1.107,0.8
2026-10-08,basket_ex_btc,0.5442,1.122,0.808
2026-10-09,basket_ex_btc,0.5487,1.128,0.81
2026-04-01,basket_with_btc,0.5975,0.873,0.856
2026-04-02,basket_with_btc,0.5931,0.869,0.857
2026-04-03,basket_with_btc,0.5909,0.867,0.857
2026-04-04,basket_with_btc,0.5903,0.866,0.857
2026-04-05,basket_with_btc,0.5898,0.866,0.857
2026-04-06,basket_with_btc,0.5899,0.864,0.856
2026-04-07,basket_with_btc,0.5887,0.864,0.858
2026-04-08,basket_with_btc,0.5938,0.866,0.861
2026-04-09,basket_with_btc,0.5951,0.868,0.861
2026-04-10,basket_with_btc,0.5965,0.869,0.861
2026-04-11,basket_with_btc,0.5975,0.868,0.862
2026-04-12,basket_with_btc,0.5925,0.866,0.867
2026-04-13,basket_with_btc,0.5947,0.866,0.868
2026-04-14,basket_with_btc,0.6001,0.871,0.87
2026-04-15,basket_with_btc,0.6012,0.875,0.87
2026-04-16,basket_with_btc,0.6007,0.874,0.87
2026-04-17,basket_with_btc,0.6005,0.876,0.872
2026-04-18,basket_with_btc,0.6016,0.874,0.873
2026-04-19,basket_with_btc,0.5996,0.873,0.875
2026-04-20,basket_with_btc,0.604,0.88,0.878
2026-04-21,basket_with_btc,0.5934,0.868,0.876
2026-04-22,basket_with_btc,0.59,0.865,0.877
2026-04-23,basket_with_btc,0.5902,0.86,0.876
2026-04-24,basket_with_btc,0.5897,0.861,0.877
2026-04-25,basket_with_btc,0.5896,0.86,0.877
2026-04-26,basket_with_btc,0.5761,0.848,0.881
2026-04-27,basket_with_btc,0.5689,0.842,0.885
2026-04-28,basket_with_btc,0.5648,0.839,0.889
2026-04-29,basket_with_btc,0.5635,0.839,0.891
2026-04-30,basket_with_btc,0.5612,0.848,0.892
2026-05-01,basket_with_btc,0.5598,0.847,0.893
2026-05-02,basket_with_btc,0.551,0.848,0.889
2026-05-03,basket_with_btc,0.5468,0.844,0.889
2026-05-04,basket_with_btc,0.5444,0.842,0.888
2026-05-05,basket_with_btc,0.5434,0.847,0.888
2026-05-06,basket_with_btc,0.5456,0.86,0.892
2026-05-07,basket_with_btc,0.4657,0.817,0.852
2026-05-08,basket_with_btc,0.4395,0.864,0.838
2026-05-09,basket_with_btc,0.4505,0.871,0.822
2026-05-10,basket_with_btc,0.4486,0.882,0.834
2026-05-11,basket_with_btc,0.4475,0.88,0.836
2026-05-12,basket_with_btc,0.4446,0.877,0.834
2026-05-13,basket_with_btc,0.4524,0.895,0.832
2026-05-14,basket_with_btc,0.4516,0.908,0.846
2026-05-15,basket_with_btc,0.4556,0.927,0.847
2026-05-16,basket_with_btc,0.4555,0.926,0.852
2026-05-17,basket_with_btc,0.4515,0.922,0.855
2026-05-18,basket_with_btc,0.4517,0.918,0.852
2026-05-19,basket_with_btc,0.4521,0.918,0.847
2026-05-20,basket_with_btc,0.4497,0.915,0.846
2026-05-21,basket_with_btc,0.4591,0.923,0.836
2026-05-22,basket_with_btc,0.4605,0.928,0.836
2026-05-23,basket_with_btc,0.4683,0.939,0.84
2026-05-24,basket_with_btc,0.4612,0.933,0.83
2026-05-25,basket_with_btc,0.4611,0.932,0.829
2026-05-26,basket_with_btc,0.4614,0.935,0.829
2026-05-27,basket_with_btc,0.4478,0.927,0.817
2026-05-28,basket_with_btc,0.4512,0.932,0.82
2026-05-29,basket_with_btc,0.4495,0.933,0.818
2026-05-30,basket_with_btc,0.4495,0.93,0.813
2026-05-31,basket_with_btc,0.4514,0.935,0.811
2026-06-01,basket_with_btc,0.4472,0.947,0.806
2026-06-02,basket_with_btc,0.4449,0.927,0.804
2026-06-03,basket_with_btc,0.4469,0.939,0.809
2026-06-04,basket_with_btc,0.4526,0.864,0.745
2026-06-05,basket_with_btc,0.472,0.875,0.709
2026-06-06,basket_with_btc,0.4936,0.914,0.726
2026-06-07,basket_with_btc,0.4927,0.912,0.722
2026-06-08,basket_with_btc,0.497,0.923,0.728
2026-06-09,basket_with_btc,0.4975,0.924,0.723
2026-06-10,basket_with_btc,0.503,0.933,0.727
2026-06-11,basket_with_btc,0.5057,0.933,0.722
2026-06-12,basket_with_btc,0.5243,0.965,0.732
2026-06-13,basket_with_btc,0.5239,0.964,0.731
2026-06-14,basket_with_btc,0.5243,0.973,0.733
2026-06-15,basket_with_btc,0.5193,0.963,0.731
2026-06-16,basket_with_btc,0.5216,0.967,0.731
2026-06-17,basket_with_btc,0.5186,0.96,0.717
2026-06-18,basket_with_btc,0.5162,0.953,0.716
2026-06-19,basket_with_btc,0.5185,0.959,0.721
2026-06-20,basket_with_btc,0.518,0.967,0.721
2026-06-21,basket_with_btc,0.518,0.965,0.72
2026-06-22,basket_with_btc,0.5216,1.022,0.738
2026-06-23,basket_with_btc,0.5209,1.023,0.741
2026-06-24,basket_with_btc,0.5254,1.032,0.743
2026-06-25,basket_with_btc,0.5203,1.012,0.73
2026-06-26,basket_with_btc,0.5137,0.998,0.721
2026-06-27,basket_with_btc,0.5147,1.0,0.721
2026-06-28,basket_with_btc,0.5139,0.997,0.72
2026-06-29,basket_with_btc,0.5143,1.003,0.722
2026-06-30,basket_with_btc,0.517,1.014,0.722
2026-07-01,basket_with_btc,0.5216,1.02,0.728
2026-07-02,basket_with_btc,0.518,0.996,0.72
2026-07-03,basket_with_btc,0.5241,1.006,0.726
2026-07-04,basket_with_btc,0.527,1.011,0.728
2026-07-05,basket_with_btc,0.5264,1.023,0.73
2026-07-06,basket_with_btc,0.5268,1.023,0.73
2026-07-07,basket_with_btc,0.518,1.019,0.718
2026-07-08,basket_with_btc,0.5169,1.017,0.717
2026-07-09,basket_with_btc,0.5188,1.02,0.719
2026-07-10,basket_with_btc,0.518,1.02,0.716
2026-07-11,basket_with_btc,0.5208,1.025,0.719
2026-07-12,basket_with_btc,0.5164,1.023,0.713
2026-07-13,basket_with_btc,0.498,1.002,0.688
2026-07-14,basket_with_btc,0.4996,1.008,0.695
2026-07-15,basket_with_btc,0.5039,0.994,0.703
2026-07-16,basket_with_btc,0.5034,0.99,0.7
2026-07-17,basket_with_btc,0.5085,1.01,0.7
2026-07-18,basket_with_btc,0.5047,1.001,0.695
2026-07-19,basket_with_btc,0.4977,0.974,0.683
2026-07-20,basket_with_btc,0.4961,0.982,0.681
2026-07-21,basket_with_btc,0.4971,0.985,0.682
2026-07-22,basket_with_btc,0.4986,1.004,0.691
2026-07-23,basket_with_btc,0.4987,1.005,0.691
2026-07-24,basket_with_btc,0.5002,1.009,0.693
2026-07-25,basket_with_btc,0.5009,1.009,0.694
2026-07-26,basket_with_btc,0.499,1.006,0.692
2026-07-27,basket_with_btc,0.5019,1.012,0.694
2026-07-28,basket_with_btc,0.5084,1.027,0.7
2026-07-29,basket_with_btc,0.5081,1.026,0.7
2026-07-30,basket_with_btc,0.5085,1.028,0.7
2026-07-31,basket_with_btc,0.5097,1.046,0.704
2026-08-01,basket_with_btc,0.5152,1.055,0.711
2026-08-02,basket_with_btc,0.5157,1.054,0.71
2026-08-03,basket_with_btc,0.5152,1.055,0.709
2026-08-04,basket_with_btc,0.5127,1.051,0.706
2026-08-05,basket_with_btc,0.5125,1.045,0.704
2026-08-06,basket_with_btc,0.5127,1.049,0.704
2026-08-07,basket_with_btc,0.5035,1.043,0.714
2026-08-08,basket_with_btc,0.5039,1.036,0.709
2026-08-09,basket_with_btc,0.5035,1.04,0.708
2026-08-10,basket_with_btc,0.5035,1.04,0.708
2026-08-11,basket_with_btc,0.497,1.023,0.706
2026-08-12,basket_with_btc,0.4961,1.022,0.704
2026-08-13,basket_with_btc,0.4896,1.009,0.697
2026-08-14,basket_with_btc,0.4854,1.001,0.691
2026-08-15,basket_with_btc,0.4819,0.994,0.691
2026-08-16,basket_with_btc,0.4822,0.999,0.693
2026-08-17,basket_with_btc,0.4812,1.002,0.696
2026-08-18,basket_with_btc,0.4825,0.992,0.698
2026-08-19,basket_with_btc,0.4731,0.975,0.698
2026-08-20,basket_with_btc,0.5188,1.052,0.749
2026-08-21,basket_with_btc,0.5201,1.024,0.751
2026-08-22,basket_with_btc,0.543,1.036,0.778
2026-08-23,basket_with_btc,0.5425,1.024,0.772
2026-08-24,basket_with_btc,0.545,1.028,0.772
2026-08-25,basket_with_btc,0.5426,1.011,0.761
2026-08-26,basket_with_btc,0.5412,1.01,0.759
2026-08-27,basket_with_btc,0.5415,1.011,0.758
2026-08-28,basket_with_btc,0.5419,1.013,0.762
2026-08-29,basket_with_btc,0.5447,1.014,0.768
2026-08-30,basket_with_btc,0.545,1.016,0.769
2026-08-31,basket_with_btc,0.547,1.036,0.772
2026-09-01,basket_with_btc,0.5439,1.089,0.772
2026-09-02,basket_with_btc,0.5389,1.188,0.832
2026-09-03,basket_with_btc,0.5188,1.177,0.856
2026-09-04,basket_with_btc,0.5089,1.15,0.854
2026-09-05,basket_with_btc,0.5098,1.147,0.856
2026-09-06,basket_with_btc,0.5055,1.148,0.848
2026-09-07,basket_with_btc,0.5059,1.154,0.851
2026-09-08,basket_with_btc,0.5041,1.153,0.849
2026-09-09,basket_with_btc,0.4994,1.148,0.854
2026-09-10,basket_with_btc,0.4849,1.123,0.849
2026-09-11,basket_with_btc,0.4904,1.131,0.853
2026-09-12,basket_with_btc,0.4903,1.132,0.853
2026-09-13,basket_with_btc,0.4882,1.13,0.851
2026-09-14,basket_with_btc,0.489,1.132,0.851
2026-09-15,basket_with_btc,0.4895,1.146,0.862
2026-09-16,basket_with_btc,0.4968,1.155,0.867
2026-09-17,basket_with_btc,0.4952,1.16,0.865
2026-09-18,basket_with_btc,0.5037,1.164,0.853
2026-09-19,basket_with_btc,0.5254,1.179,0.866
2026-09-20,basket_with_btc,0.5215,1.173,0.864
2026-09-21,basket_with_btc,0.5219,1.174,0.863
2026-09-22,basket_with_btc,0.5191,1.095,0.848
2026-09-23,basket_with_btc,0.5192,1.118,0.856
2026-09-24,basket_with_btc,0.5272,1.14,0.859
2026-09-25,basket_with_btc,0.5318,1.135,0.849
2026-09-26,basket_with_btc,0.534,1.125,0.838
2026-09-27,basket_with_btc,0.5331,1.124,0.838
2026-09-28,basket_with_btc,0.5305,1.121,0.839
2026-09-29,basket_with_btc,0.5287,1.123,0.835
2026-09-30,basket_with_btc,0.5297,1.138,0.84
2026-10-01,basket_with_btc,0.5251,1.129,0.836
2026-10-02,basket_with_btc,0.5235,1.116,0.829
2026-10-03,basket_with_btc,0.5236,1.117,0.83
2026-10-04,basket_with_btc,0.5241,1.117,0.828
2026-10-05,basket_with_btc,0.524,1.11,0.827
2026-10-06,basket_with_btc,0.5221,1.101,0.822
2026-10-07,basket_with_btc,0.5195,1.098,0.82
2026-10-08,basket_with_btc,0.5273,1.112,0.826
2026-10-09,basket_with_btc,0.5316,1.118,0.828
2026-04-01,bench_btc,0.5856,1.0,1.0
2026-04-02,bench_btc,0.5847,1.0,1.0
2026-04-03,bench_btc,0.5844,1.0,1.0
2026-04-04,bench_btc,0.5841,1.0,1.0
2026-04-05,bench_btc,0.5832,1.0,1.0
2026-04-06,bench_btc,0.5846,1.0,1.0
2026-04-07,bench_btc,0.5846,1.0,1.0
2026-04-08,bench_btc,0.5902,1.0,1.0
2026-04-09,bench_btc,0.5907,1.0,1.0
2026-04-10,bench_btc,0.5912,1.0,1.0
2026-04-11,bench_btc,0.5932,1.0,1.0
2026-04-12,bench_btc,0.5931,1.0,1.0
2026-04-13,bench_btc,0.5961,1.0,1.0
2026-04-14,bench_btc,0.5989,1.0,1.0
2026-04-15,bench_btc,0.5978,1.0,1.0
2026-04-16,bench_btc,0.5977,1.0,1.0
2026-04-17,bench_btc,0.5978,1.0,1.0
2026-04-18,bench_btc,0.6005,1.0,1.0
2026-04-19,bench_btc,0.6008,1.0,1.0
2026-04-20,bench_btc,0.6025,1.0,1.0
2026-04-21,bench_btc,0.5989,1.0,1.0
2026-04-22,bench_btc,0.5986,1.0,1.0
2026-04-23,bench_btc,0.6009,1.0,1.0
2026-04-24,bench_btc,0.6009,1.0,1.0
2026-04-25,bench_btc,0.6012,1.0,1.0
2026-04-26,bench_btc,0.5986,1.0,1.0
2026-04-27,bench_btc,0.598,1.0,1.0
2026-04-28,bench_btc,0.5984,1.0,1.0
2026-04-29,bench_btc,0.5989,1.0,1.0
2026-04-30,bench_btc,0.5902,1.0,1.0
2026-05-01,bench_btc,0.5903,1.0,1.0
2026-05-02,bench_btc,0.5779,1.0,1.0
2026-05-03,bench_btc,0.5761,1.0,1.0
2026-05-04,bench_btc,0.5743,1.0,1.0
2026-05-05,bench_btc,0.5697,1.0,1.0
2026-05-06,bench_btc,0.5657,1.0,1.0
2026-05-07,bench_btc,0.4859,1.0,1.0
2026-05-08,bench_btc,0.4262,1.0,1.0
2026-05-09,bench_btc,0.4249,1.0,1.0
2026-05-10,bench_btc,0.424,1.0,1.0
2026-05-11,bench_btc,0.4249,1.0,1.0
2026-05-12,bench_btc,0.423,1.0,1.0
2026-05-13,bench_btc,0.4205,1.0,1.0
2026-05-14,bench_btc,0.4209,1.0,1.0
2026-05-15,bench_btc,0.4163,1.0,1.0
2026-05-16,bench_btc,0.419,1.0,1.0
2026-05-17,bench_btc,0.4186,1.0,1.0
2026-05-18,bench_btc,0.4191,1.0,1.0
2026-05-19,bench_btc,0.4174,1.0,1.0
2026-05-20,bench_btc,0.4158,1.0,1.0
2026-05-21,bench_btc,0.4158,1.0,1.0
2026-05-22,bench_btc,0.4149,1.0,1.0
2026-05-23,bench_btc,0.4188,1.0,1.0
2026-05-24,bench_btc,0.4105,1.0,1.0
2026-05-25,bench_btc,0.4102,1.0,1.0
2026-05-26,bench_btc,0.4094,1.0,1.0
2026-05-27,bench_btc,0.3948,1.0,1.0
2026-05-28,bench_btc,0.397,1.0,1.0
2026-05-29,bench_btc,0.3943,1.0,1.0
2026-05-30,bench_btc,0.393,1.0,1.0
2026-05-31,bench_btc,0.3912,1.0,1.0
2026-06-01,bench_btc,0.3809,1.0,1.0
2026-06-02,bench_btc,0.3859,1.0,1.0
2026-06-03,bench_btc,0.3851,1.0,1.0
2026-06-04,bench_btc,0.39,1.0,1.0
2026-06-05,bench_btc,0.3825,1.0,1.0
2026-06-06,bench_btc,0.3921,1.0,1.0
2026-06-07,bench_btc,0.3903,1.0,1.0
2026-06-08,bench_btc,0.3917,1.0,1.0
2026-06-09,bench_btc,0.3893,1.0,1.0
2026-06-10,bench_btc,0.3916,1.0,1.0
2026-06-11,bench_btc,0.3914,1.0,1.0
2026-06-12,bench_btc,0.3975,1.0,1.0
2026-06-13,bench_btc,0.3973,1.0,1.0
2026-06-14,bench_btc,0.3949,1.0,1.0
2026-06-15,bench_btc,0.394,1.0,1.0
2026-06-16,bench_btc,0.3942,1.0,1.0
2026-06-17,bench_btc,0.3876,1.0,1.0
2026-06-18,bench_btc,0.3875,1.0,1.0
2026-06-19,bench_btc,0.3899,1.0,1.0
2026-06-20,bench_btc,0.386,1.0,1.0
2026-06-21,bench_btc,0.3866,1.0,1.0
2026-06-22,bench_btc,0.3766,1.0,1.0
2026-06-23,bench_btc,0.3772,1.0,1.0
2026-06-24,bench_btc,0.3783,1.0,1.0
2026-06-25,bench_btc,0.3752,1.0,1.0
2026-06-26,bench_btc,0.371,1.0,1.0
2026-06-27,bench_btc,0.3712,1.0,1.0
2026-06-28,bench_btc,0.371,1.0,1.0
2026-06-29,bench_btc,0.3705,1.0,1.0
2026-06-30,bench_btc,0.3685,1.0,1.0
2026-07-01,bench_btc,0.372,1.0,1.0
2026-07-02,bench_btc,0.3743,1.0,1.0
2026-07-03,bench_btc,0.3781,1.0,1.0
2026-07-04,bench_btc,0.3797,1.0,1.0
2026-07-05,bench_btc,0.3755,1.0,1.0
2026-07-06,bench_btc,0.3758,1.0,1.0
2026-07-07,bench_btc,0.3652,1.0,1.0
2026-07-08,bench_btc,0.3647,1.0,1.0
2026-07-09,bench_btc,0.3654,1.0,1.0
2026-07-10,bench_btc,0.3639,1.0,1.0
2026-07-11,bench_btc,0.3653,1.0,1.0
2026-07-12,bench_btc,0.3599,1.0,1.0
2026-07-13,bench_btc,0.342,1.0,1.0
2026-07-14,bench_btc,0.3447,1.0,1.0
2026-07-15,bench_btc,0.3561,1.0,1.0
2026-07-16,bench_btc,0.356,1.0,1.0
2026-07-17,bench_btc,0.3522,1.0,1.0
2026-07-18,bench_btc,0.3507,1.0,1.0
2026-07-19,bench_btc,0.3489,1.0,1.0
2026-07-20,bench_btc,0.344,1.0,1.0
2026-07-21,bench_btc,0.3442,1.0,1.0
2026-07-22,bench_btc,0.3429,1.0,1.0
2026-07-23,bench_btc,0.343,1.0,1.0
2026-07-24,bench_btc,0.3437,1.0,1.0
2026-07-25,bench_btc,0.3445,1.0,1.0
2026-07-26,bench_btc,0.3434,1.0,1.0
2026-07-27,bench_btc,0.3441,1.0,1.0
2026-07-28,bench_btc,0.3465,1.0,1.0
2026-07-29,bench_btc,0.3465,1.0,1.0
2026-07-30,bench_btc,0.3461,1.0,1.0
2026-07-31,bench_btc,0.3431,1.0,1.0
2026-08-01,bench_btc,0.3472,1.0,1.0
2026-08-02,bench_btc,0.3472,1.0,1.0
2026-08-03,bench_btc,0.3462,1.0,1.0
2026-08-04,bench_btc,0.3447,1.0,1.0
2026-08-05,bench_btc,0.3451,1.0,1.0
2026-08-06,bench_btc,0.3444,1.0,1.0
2026-08-07,bench_btc,0.3444,1.0,1.0
2026-08-08,bench_btc,0.3448,1.0,1.0
2026-08-09,bench_btc,0.3427,1.0,1.0
2026-08-10,bench_btc,0.3427,1.0,1.0
2026-08-11,bench_btc,0.3428,1.0,1.0
2026-08-12,bench_btc,0.3419,1.0,1.0
2026-08-13,bench_btc,0.3382,1.0,1.0
2026-08-14,bench_btc,0.3353,1.0,1.0
2026-08-15,bench_btc,0.3349,1.0,1.0
2026-08-16,bench_btc,0.3346,1.0,1.0
2026-08-17,bench_btc,0.3345,1.0,1.0
2026-08-18,bench_btc,0.3394,1.0,1.0
2026-08-19,bench_btc,0.3388,1.0,1.0
2026-08-20,bench_btc,0.3693,1.0,1.0
2026-08-21,bench_btc,0.3818,1.0,1.0
2026-08-22,bench_btc,0.4077,1.0,1.0
2026-08-23,bench_btc,0.4089,1.0,1.0
2026-08-24,bench_btc,0.4092,1.0,1.0
2026-08-25,bench_btc,0.4087,1.0,1.0
2026-08-26,bench_btc,0.4067,1.0,1.0
2026-08-27,bench_btc,0.4064,1.0,1.0
2026-08-28,bench_btc,0.4074,1.0,1.0
2026-08-29,bench_btc,0.4123,1.0,1.0
2026-08-30,bench_btc,0.4123,1.0,1.0
2026-08-31,bench_btc,0.4076,1.0,1.0
2026-09-01,bench_btc,0.3856,1.0,1.0
2026-09-02,bench_btc,0.3774,1.0,1.0
2026-09-03,bench_btc,0.3773,1.0,1.0
2026-09-04,bench_btc,0.3778,1.0,1.0
2026-09-05,bench_btc,0.3805,1.0,1.0
2026-09-06,bench_btc,0.3731,1.0,1.0
2026-09-07,bench_btc,0.373,1.0,1.0
2026-09-08,bench_btc,0.3714,1.0,1.0
2026-09-09,bench_btc,0.3719,1.0,1.0
2026-09-10,bench_btc,0.3666,1.0,1.0
2026-09-11,bench_btc,0.3699,1.0,1.0
2026-09-12,bench_btc,0.3694,1.0,1.0
2026-09-13,bench_btc,0.3676,1.0,1.0
2026-09-14,bench_btc,0.3676,1.0,1.0
2026-09-15,bench_btc,0.3682,1.0,1.0
2026-09-16,bench_btc,0.3728,1.0,1.0
2026-09-17,bench_btc,0.3692,1.0,1.0
2026-09-18,bench_btc,0.3689,1.0,1.0
2026-09-19,bench_btc,0.3857,1.0,1.0
2026-09-20,bench_btc,0.3839,1.0,1.0
2026-09-21,bench_btc,0.3837,1.0,1.0
2026-09-22,bench_btc,0.4019,1.0,1.0
2026-09-23,bench_btc,0.3975,1.0,1.0
2026-09-24,bench_btc,0.3975,1.0,1.0
2026-09-25,bench_btc,0.3976,1.0,1.0
2026-09-26,bench_btc,0.3978,1.0,1.0
2026-09-27,bench_btc,0.3971,1.0,1.0
2026-09-28,bench_btc,0.3969,1.0,1.0
2026-09-29,bench_btc,0.3933,1.0,1.0
2026-09-30,bench_btc,0.3913,1.0,1.0
2026-10-01,bench_btc,0.3889,1.0,1.0
2026-10-02,bench_btc,0.3886,1.0,1.0
2026-10-03,bench_btc,0.3888,1.0,1.0
2026-10-04,bench_btc,0.3887,1.0,1.0
2026-10-05,bench_btc,0.3902,1.0,1.0
2026-10-06,bench_btc,0.3899,1.0,1.0
2026-10-07,bench_btc,0.3878,1.0,1.0
2026-10-08,bench_btc,0.3918,1.0,1.0
2026-10-09,bench_btc,0.3937,1.0,1.0
2026-04-01,bench_eth,0.7745,1.23,0.93
2026-04-02,bench_eth,0.7751,1.231,0.929
2026-04-03,bench_eth,0.7722,1.229,0.93
2026-04-04,bench_eth,0.7729,1.229,0.929
2026-04-05,bench_eth,0.7743,1.233,0.929
2026-04-06,bench_eth,0.7726,1.223,0.925
2026-04-07,bench_eth,0.7722,1.222,0.925
2026-04-08,bench_eth,0.7813,1.227,0.927
2026-04-09,bench_eth,0.7819,1.228,0.928
2026-04-10,bench_eth,0.7818,1.226,0.927
2026-04-11,bench_eth,0.785,1.227,0.928
2026-04-12,bench_eth,0.7854,1.227,0.927
2026-04-13,bench_eth,0.7891,1.229,0.928
2026-04-14,bench_eth,0.7922,1.229,0.929
2026-04-15,bench_eth,0.7927,1.232,0.929
2026-04-16,bench_eth,0.7934,1.233,0.929
2026-04-17,bench_eth,0.7934,1.233,0.929
2026-04-18,bench_eth,0.7961,1.233,0.93
2026-04-19,bench_eth,0.7978,1.236,0.931
2026-04-20,bench_eth,0.7992,1.236,0.932
2026-04-21,bench_eth,0.7864,1.222,0.931
2026-04-22,bench_eth,0.7859,1.222,0.931
2026-04-23,bench_eth,0.787,1.219,0.931
2026-04-24,bench_eth,0.7877,1.219,0.93
2026-04-25,bench_eth,0.7878,1.218,0.93
2026-04-26,bench_eth,0.7825,1.215,0.929
2026-04-27,bench_eth,0.7793,1.211,0.93
2026-04-28,bench_eth,0.778,1.21,0.931
2026-04-29,bench_eth,0.778,1.208,0.93
2026-04-30,bench_eth,0.7688,1.209,0.928
2026-05-01,bench_eth,0.7643,1.206,0.932
2026-05-02,bench_eth,0.7418,1.191,0.928
2026-05-03,bench_eth,0.7257,1.177,0.934
2026-05-04,bench_eth,0.7224,1.175,0.934
2026-05-05,bench_eth,0.7153,1.171,0.932
2026-05-06,bench_eth,0.711,1.17,0.931
2026-05-07,bench_eth,0.6414,1.209,0.916
2026-05-08,bench_eth,0.5924,1.254,0.903
2026-05-09,bench_eth,0.5918,1.267,0.91
2026-05-10,bench_eth,0.5919,1.274,0.912
2026-05-11,bench_eth,0.5928,1.274,0.913
2026-05-12,bench_eth,0.5874,1.268,0.913
2026-05-13,bench_eth,0.5847,1.268,0.912
2026-05-14,bench_eth,0.585,1.269,0.913
2026-05-15,bench_eth,0.5765,1.258,0.909
2026-05-16,bench_eth,0.5781,1.254,0.909
2026-05-17,bench_eth,0.5677,1.241,0.915
2026-05-18,bench_eth,0.569,1.244,0.916
2026-05-19,bench_eth,0.569,1.253,0.919
2026-05-20,bench_eth,0.5678,1.255,0.919
2026-05-21,bench_eth,0.5679,1.256,0.92
2026-05-22,bench_eth,0.5677,1.259,0.92
2026-05-23,bench_eth,0.5714,1.258,0.922
2026-05-24,bench_eth,0.5637,1.263,0.92
2026-05-25,bench_eth,0.5632,1.261,0.918
2026-05-26,bench_eth,0.5632,1.264,0.919
2026-05-27,bench_eth,0.521,1.208,0.916
2026-05-28,bench_eth,0.5227,1.207,0.916
2026-05-29,bench_eth,0.5137,1.193,0.916
2026-05-30,bench_eth,0.5125,1.193,0.915
2026-05-31,bench_eth,0.5117,1.198,0.915
2026-06-01,bench_eth,0.5037,1.208,0.913
2026-06-02,bench_eth,0.5016,1.172,0.902
2026-06-03,bench_eth,0.5009,1.172,0.901
2026-06-04,bench_eth,0.5008,1.152,0.897
2026-06-05,bench_eth,0.4948,1.153,0.891
2026-06-06,bench_eth,0.5376,1.22,0.89
2026-06-07,bench_eth,0.5362,1.221,0.889
2026-06-08,bench_eth,0.5556,1.267,0.894
2026-06-09,bench_eth,0.5537,1.269,0.893
2026-06-10,bench_eth,0.5564,1.27,0.894
2026-06-11,bench_eth,0.5561,1.27,0.894
2026-06-12,bench_eth,0.5599,1.26,0.894
2026-06-13,bench_eth,0.5595,1.259,0.894
2026-06-14,bench_eth,0.5546,1.253,0.892
2026-06-15,bench_eth,0.5358,1.224,0.9
2026-06-16,bench_eth,0.5427,1.233,0.896
2026-06-17,bench_eth,0.5337,1.227,0.891
2026-06-18,bench_eth,0.5327,1.225,0.891
2026-06-19,bench_eth,0.5342,1.221,0.891
2026-06-20,bench_eth,0.5293,1.218,0.888
2026-06-21,bench_eth,0.5307,1.22,0.889
2026-06-22,bench_eth,0.5226,1.229,0.885
2026-06-23,bench_eth,0.5233,1.23,0.887
2026-06-24,bench_eth,0.527,1.237,0.888
2026-06-25,bench_eth,0.5198,1.225,0.885
2026-06-26,bench_eth,0.5199,1.24,0.885
2026-06-27,bench_eth,0.5201,1.241,0.885
2026-06-28,bench_eth,0.5199,1.241,0.885
2026-06-29,bench_eth,0.5177,1.236,0.884
2026-06-30,bench_eth,0.5151,1.233,0.882
2026-07-01,bench_eth,0.5154,1.227,0.886
2026-07-02,bench_eth,0.5136,1.218,0.887
2026-07-03,bench_eth,0.5255,1.237,0.89
2026-07-04,bench_eth,0.5285,1.242,0.892
2026-07-05,bench_eth,0.5291,1.267,0.899
2026-07-06,bench_eth,0.5278,1.268,0.903
2026-07-07,bench_eth,0.511,1.255,0.897
2026-07-08,bench_eth,0.5096,1.252,0.896
2026-07-09,bench_eth,0.5104,1.254,0.898
2026-07-10,bench_eth,0.5057,1.242,0.894
2026-07-11,bench_eth,0.5084,1.246,0.896
2026-07-12,bench_eth,0.5022,1.246,0.893
2026-07-13,bench_eth,0.4711,1.211,0.879
2026-07-14,bench_eth,0.4708,1.203,0.881
2026-07-15,bench_eth,0.4892,1.221,0.889
2026-07-16,bench_eth,0.4903,1.221,0.887
2026-07-17,bench_eth,0.4885,1.227,0.885
2026-07-18,bench_eth,0.4859,1.222,0.882
2026-07-19,bench_eth,0.4816,1.214,0.88
2026-07-20,bench_eth,0.4792,1.225,0.879
2026-07-21,bench_eth,0.4805,1.228,0.879
2026-07-22,bench_eth,0.4793,1.228,0.878
2026-07-23,bench_eth,0.4782,1.228,0.881
2026-07-24,bench_eth,0.4812,1.234,0.882
2026-07-25,bench_eth,0.4813,1.231,0.881
2026-07-26,bench_eth,0.4795,1.229,0.88
2026-07-27,bench_eth,0.4848,1.238,0.879
2026-07-28,bench_eth,0.4886,1.244,0.882
2026-07-29,bench_eth,0.4889,1.244,0.882
2026-07-30,bench_eth,0.489,1.246,0.882
2026-07-31,bench_eth,0.4877,1.253,0.882
2026-08-01,bench_eth,0.4901,1.246,0.883
2026-08-02,bench_eth,0.4903,1.245,0.882
2026-08-03,bench_eth,0.492,1.256,0.884
2026-08-04,bench_eth,0.4922,1.262,0.884
2026-08-05,bench_eth,0.4924,1.263,0.885
2026-08-06,bench_eth,0.4923,1.264,0.884
2026-08-07,bench_eth,0.492,1.263,0.884
2026-08-08,bench_eth,0.4918,1.26,0.883
2026-08-09,bench_eth,0.4901,1.262,0.883
2026-08-10,bench_eth,0.4896,1.261,0.883
2026-08-11,bench_eth,0.4883,1.258,0.883
2026-08-12,bench_eth,0.4883,1.261,0.883
2026-08-13,bench_eth,0.4877,1.278,0.886
2026-08-14,bench_eth,0.4854,1.281,0.885
2026-08-15,bench_eth,0.4839,1.278,0.885
2026-08-16,bench_eth,0.482,1.275,0.885
2026-08-17,bench_eth,0.482,1.276,0.885
2026-08-18,bench_eth,0.4836,1.261,0.885
2026-08-19,bench_eth,0.4833,1.262,0.885
2026-08-20,bench_eth,0.5991,1.444,0.89
2026-08-21,bench_eth,0.5988,1.375,0.877
2026-08-22,bench_eth,0.6179,1.338,0.883
2026-08-23,bench_eth,0.6225,1.346,0.884
2026-08-24,bench_eth,0.623,1.347,0.884
2026-08-25,bench_eth,0.6218,1.343,0.883
2026-08-26,bench_eth,0.6206,1.345,0.882
2026-08-27,bench_eth,0.6221,1.348,0.881
2026-08-28,bench_eth,0.6221,1.341,0.878
2026-08-29,bench_eth,0.6251,1.332,0.879
2026-08-30,bench_eth,0.6247,1.331,0.879
2026-08-31,bench_eth,0.6259,1.364,0.888
2026-09-01,bench_eth,0.608,1.391,0.882
2026-09-02,bench_eth,0.607,1.428,0.888
2026-09-03,bench_eth,0.6052,1.426,0.889
2026-09-04,bench_eth,0.5697,1.333,0.884
2026-09-05,bench_eth,0.5714,1.329,0.885
2026-09-06,bench_eth,0.5532,1.305,0.88
2026-09-07,bench_eth,0.5534,1.307,0.881
2026-09-08,bench_eth,0.5495,1.299,0.878
2026-09-09,bench_eth,0.5487,1.296,0.878
2026-09-10,bench_eth,0.5467,1.309,0.878
2026-09-11,bench_eth,0.5475,1.298,0.877
2026-09-12,bench_eth,0.5501,1.305,0.876
2026-09-13,bench_eth,0.5483,1.306,0.876
2026-09-14,bench_eth,0.5455,1.303,0.878
2026-09-15,bench_eth,0.5458,1.303,0.879
2026-09-16,bench_eth,0.5525,1.307,0.882
2026-09-17,bench_eth,0.55,1.313,0.881
2026-09-18,bench_eth,0.5502,1.316,0.882
2026-09-19,bench_eth,0.5641,1.298,0.887
2026-09-20,bench_eth,0.5619,1.298,0.887
2026-09-21,bench_eth,0.5618,1.298,0.886
2026-09-22,bench_eth,0.5629,1.229,0.878
2026-09-23,bench_eth,0.5596,1.234,0.876
2026-09-24,bench_eth,0.5572,1.228,0.876
2026-09-25,bench_eth,0.5573,1.228,0.876
2026-09-26,bench_eth,0.5571,1.227,0.876
2026-09-27,bench_eth,0.557,1.229,0.876
2026-09-28,bench_eth,0.556,1.227,0.876
2026-09-29,bench_eth,0.5525,1.227,0.874
2026-09-30,bench_eth,0.5517,1.231,0.873
2026-10-01,bench_eth,0.5422,1.217,0.873
2026-10-02,bench_eth,0.539,1.208,0.871
2026-10-03,bench_eth,0.5401,1.21,0.871
2026-10-04,bench_eth,0.5401,1.211,0.871
2026-10-05,bench_eth,0.5404,1.206,0.871
2026-10-06,bench_eth,0.5393,1.203,0.87
2026-10-07,bench_eth,0.5379,1.206,0.869
2026-10-08,bench_eth,0.5477,1.223,0.875
2026-10-09,bench_eth,0.5524,1.229,0.876
