scheme,asset,weight
basket_ex_btc,ETH,0.068
basket_ex_btc,LINK,0.0857
basket_ex_btc,BNB,0.0703
basket_ex_btc,ONDO,0.1027
basket_ex_btc,SYRUP,0.0561
basket_ex_btc,HYPE,0.2731
basket_ex_btc,CC,0.0613
basket_ex_btc,AAVE,0.0936
basket_ex_btc,XMR,0.1003
basket_ex_btc,ENA,0.0889
basket_with_btc,BTC,0.0695
basket_with_btc,ETH,0.0633
basket_with_btc,LINK,0.0798
basket_with_btc,BNB,0.0654
basket_with_btc,ONDO,0.0955
basket_with_btc,SYRUP,0.0522
basket_with_btc,HYPE,0.2541
basket_with_btc,CC,0.057
basket_with_btc,AAVE,0.0871
basket_with_btc,XMR,0.0933
basket_with_btc,ENA,0.0827
bench_btc,BTC,1.0
bench_eth,ETH,1.0
lab_ex_btc_monthly,ETH,0.0985
lab_ex_btc_monthly,LINK,0.0953
lab_ex_btc_monthly,BNB,0.1032
lab_ex_btc_monthly,ONDO,0.0966
lab_ex_btc_monthly,SYRUP,0.1048
lab_ex_btc_monthly,HYPE,0.0999
lab_ex_btc_monthly,CC,0.0971
lab_ex_btc_monthly,AAVE,0.1122
lab_ex_btc_monthly,XMR,0.1045
lab_ex_btc_monthly,ENA,0.0879
lab_ex_btc_mcap_capped,ETH,0.2459
lab_ex_btc_mcap_capped,LINK,0.0945
lab_ex_btc_mcap_capped,BNB,0.2576
lab_ex_btc_mcap_capped,ONDO,0.0217
lab_ex_btc_mcap_capped,SYRUP,0.0025
lab_ex_btc_mcap_capped,HYPE,0.1867
lab_ex_btc_mcap_capped,CC,0.045
lab_ex_btc_mcap_capped,AAVE,0.0255
lab_ex_btc_mcap_capped,XMR,0.0988
lab_ex_btc_mcap_capped,ENA,0.0217
lab_conviction_example,ETH,0.1745
lab_conviction_example,LINK,0.0879
lab_conviction_example,BNB,0.0577
lab_conviction_example,ONDO,0.0842
lab_conviction_example,SYRUP,0.0403
lab_conviction_example,HYPE,0.2801
lab_conviction_example,CC,0.0629
lab_conviction_example,AAVE,0.096
lab_conviction_example,XMR,0.0617
lab_conviction_example,ENA,0.0547
